#PERSONAS
INSERT INTO `persona` (`id`, `username`, `contrasenia`, `nombre_completo`) VALUES
(1000, 'admin', 'admin', 'Solange Romero Chacon'),
(1001, 'Luchito', 'luchito', 'Edward Luis Huayllasco Carlos'),
(1002, 'Aleja', 'aleja', 'Alejandra Chacon Talavera'),
(1003, 'Wal', 'wal', 'Walter Romero Guerrero'),
(1004, 'Key', 'key', 'Keyly Romero Chacon'),
(1005, 'Val', 'val', 'Valery Romero Chacon'),
(1006, 'Jim34', 'jim34', 'Jim Leonardo Huertas Canaza'),
(1007, 'Cinderella', 'cinderella', 'Shyndell Cutipa Ayala'),
(1008, 'LuisaGamer', 'luisagamer', 'Luisa Villanueva Guerrero'),
(1009, 'Kath', 'kath', 'Katherin Tejada Rivera');


#ADMINISTRADOR
INSERT INTO `administrador` (`id_persona`) VALUES
(1000);

#CATEGORIA
INSERT INTO `categoria` (`id`, `nombre`) VALUES
(10, 'mujer'),
(11, 'hombre'),
(12, 'niños');

#TIPO
INSERT INTO `tipo` (`id`, `nombre`, `descripcion`) VALUES
(1, 'Agua de Toilette', 'La concentración de esencia varía entre el 8 y el 15%. Las fragancias siguen siendo frescas pero aumenta la fijación, llegando a durar el aroma hasta tres horas. Este formato es perfecto para usar en verano así como para los usuarios más jóvenes que aún no se atrevan con los perfumes.'),
(2, 'Agua de Perfume', 'La concentración de esencia aumenta hasta el 16-18%, y la duración de la fragancia sobre nuestra piel puede llegar a las seis horas. En verano mejor reservar este formato únicamente para las noches más frescas. También podemos llevarlo si trabajamos en lugares cerrados con aire acondicionado. Es una buena alternativa a los perfumes puros, ya que al ser menos concentrados suelen ser también más económicos.'),
(3, 'Splash de Perfume', 'Un Splash de Perfume se caracteriza por tener una concentración mucho menor de las notas aromáticas. Un perfume puede tener un 20%, mientras que el Splash de Perfume solo llega al 5%.'),
(4, 'Agua de Colonia', 'Es el formato más ligero, contiene entre un 6 y un 8% de esencia. Es perfecto para las épocas más calurosas, y al tratarse de aromas ligeros puedes usar bastante cantidad sin miedo a recargar demasiado. La parte negativa es que el olor no nos durará demasiadas horas, por lo que tendremos que repetir la aplicación a lo largo del día.');


#MARCA
INSERT INTO `marca` (`id`, `nombre`) VALUES
(20, 'Channel'),
(21, 'Carolina Herrera'),
(22, 'Gucci'),
(23, 'Calvin Klein'),
(24, 'Marc Jacobs'),
(25, 'Jimmy Choo'),
(26, 'Yves Saint Laurent'),
(27, 'Paco Rabanne'),
(28, 'Roberto Cavalli'),
(29, 'Hugo Boss'),
(30, 'Versace'),
(31, 'Moschino'),
(32, 'Esika');

#PERFUME
INSERT INTO `perfume` (`id`, `id_persona_administrador`, `id_categoria`, `id_tipo`, `id_marca`, `nombre`, `descripcion`, `precio`, `stock`, `fecha_ingreso`) VALUES
(1, 1000, 10, 2, 21, '212 VIP', 'La nueva fragancia femenina de Carolina Herrera. Una deslumbrante explosión floriental, sensual y chispeante con notas de salida de bergamota, un delicioso corazón de flores y una sensual base de vainilla y almizcle. Verdaderamente glamoroso, fresco y seductor encerrado en una deslumbrante botella dorada.', 46.50, 20, '2020-07-30'),
(2, 1000, 10, 3, 20, 'Coco Mademoiselle', 'CHANEL COCO MADEMOISELLE EAU DE PARFUM SPRAY\r\n\r\nLa esencia de una mujer libre y atrevida. Una fragancia oriental con una fuerte personalidad, pero sorprendentemente fresca.\r\n\r\nEl eau de parfum viene en formato spray para una aplicación sin esfuerzo sobre la piel o la ropa. También está disponible un ritual perfumante completo para el baño y el cuerpo para realzar la estela de la fragancia.', 57.00, 10, '2020-03-12'),
(3, 1000, 10, 2, 25, 'Flash', 'Conviértete en la estrella brillante en cada fiesta con el nuevo accesorio definitivo de Jimmy Choo, el compañero perfecto para la chica fiestera que todos llevamos dentro.\r\n\r\nAhora puedes tener el brillo y el glamour de Jimmy Choo de pies a cabeza, con los zapatos brillantes, el bolso y ahora la fragancia para completar el look de fiesta. Prepárate para deslumbrar y dar vida a la noche con Jimmy Choo Flash Eau de Parfum.\r\n\r\nLos destellos de pimienta rosa, mandarina y fresa introducen un destello de flores blancas y tuberosa en esta fragancia de Eau De Parfum. Embriagador y peligrosamente sexy, el aroma desfila en una pasarela de los adictivos Powdery Woods.', 24.99, 56, '2019-12-14'),
(4, 1000, 10, 2, 26, 'Black Opium', 'El eau de parfum Black Opium original. \r\nUn cautivador aroma floral gourmand, mezclado con una sobredosis de café negro, para una inyección de adrenalina. Energía, sensualidad, junto con ese toque único de YSL. \r\nEl característico acorde de café negro se combina con una sensual vainilla, enriquecida por la suavidad de las flores blancas y el azahar, sobre una base de pachulí y reconfortante almizcle blanco. \r\nUn atrevido contraste de luz y oscuridad, para una fragancia femenina que hechiza con su estela.', 56.00, 34, '2020-07-12'),
(5, 1000, 10, 3, 20, 'N5', 'N ° 5, la esencia misma de la feminidad. Un ramo de flores en polvo alojado en una botella icónica con un diseño minimalista. Una fragancia atemporal y legendaria.\r\n\r\nEl eau de parfum viene en spray para una aplicación suave y flexible sobre la piel o la ropa.\r\n\r\nPara revivir las notas de la fragancia a lo largo del día, el spray también viene en un práctico formato de viaje que puedes guardar en tu bolso y llevar contigo a cualquier parte.\r\n\r\nTambién está disponible un ritual de perfumado completo para el baño y el cuerpo para realzar el rastro olfativo de la fragancia.', 57.00, 23, '2020-02-11'),
(6, 1000, 10, 1, 22, 'Bamboo', 'Inspirándose en el simbolismo de la fuerza y ​​la elegancia, esta seductora fragancia traduce la esencia de la mujer multifacética de hoy. La mujer moderna de Gucci comparte las características de confianza y aplomo de Bamboo. La fragancia es suave e intensa a la vez que irradia poder y feminidad.', 34.99, 56, '2019-12-06'),
(7, 1000, 10, 4, 27, 'Olympea', 'Inspirándose en los reinos de la mitología griega, Olympéa de Paco Rabanne es una fragancia celestial para la diosa moderna.\r\n\r\nUna fusión de contrastes, desde los matices de vainilla salada hasta la base de madera de cachemira, llamará tu atención a la primera pulverización. Lo que comienza como dulce se transforma en una mezcla más sofisticada de flores (jazmín, lirio) y ámbar gris embriagador, lo que le da a la fragancia una mayor versatilidad. ¿Pasar del escritorio a la cena? Este es el equipaje de mano que su bolso estaba esperando.', 48.00, 61, '2020-01-25'),
(8, 1000, 10, 1, 22, 'Diamonds Rose', 'Una versión más fresca de Diamonds original.', 42.00, 11, '2020-09-05'),
(9, 1000, 10, 4, 20, 'Coco Mademoiselle', 'Una fragancia oriental amaderada y ambarina con un carácter con cuerpo: sensual, profundo y adictivo. COCO MADEMOISELLE Eau de Parfum Intense es una fragancia oriental, amaderada y ambarina de carácter extremo. La fragancia se estructura en torno a una sobredosis de pachulí, calentada por un acorde ambarino de absoluto de vainilla y haba tonka. Un corazón de rosa y jazmín y la frescura contrastante de los cítricos añaden sus notas para escribir esta poderosa partitura. El Eau de Parfum Intense viene en spray para una aplicación fácil y generosa sobre la piel o la ropa. Para una sensualidad instantánea, aplicar todos los días, todas las noches y en cada ocasión en las muñecas, detrás de las orejas y en la parte posterior de las rodillas.', 86.00, 34, '2020-05-13'),
(10, 1000, 10, 2, 28, 'Roberto Cavalli', 'El perfume Roberto Cavalli pertenece a la familia floral ambarina. Una fragancia exuberante que irradia una fuerza genuina de carácter, estimula y fascina desde el primer contacto ... esencialmente adictivo.', 29.99, 57, '2020-06-03'),
(11, 1000, 10, 2, 22, 'Diamonds', 'Perfecto si descubres que eres un amante tanto de las flores elegantes como de los golosos dulces deliciosos, esta fragancia marca la línea entre ambas familias de fragancias. Comenzando con una explosión de notas afrutadas de lichi y frambuesa, al principio, es refrescante y juvenil. Pero, lo dulce se instala rápidamente en un sofisticado ramo de flores: piense en la rosa floreciente, la fresia y el lirio de los valles.', 43.00, 56, '2019-06-13'),
(12, 1000, 10, 1, 22, 'Guilty Black', 'Los amantes de Guilty Black sacan a relucir los lados más escandalosos el uno del otro: solos son magníficos, juntos irreprimibles. Sin miedo en su pasión, son descarados, descarados, impredecibles, listos para todos y cada uno de los encuentros explosivos. Su atracción es instintiva: van donde huelen el peligro y entre ellos.\r\n\r\nDemasiado nunca es suficiente para nuestros jóvenes hedonistas, que se impulsan mutuamente a oscurecerse cada vez más. La vida es emocionante y está pensada para vivirla al máximo. Una y otra vez, ceden al placer y la emoción de romper las reglas.\r\n\r\nGucci Guilty Black es un sensual floral oriental que lo invita a disfrutar de sus ardientes deseos.', 39.99, 32, '2020-05-01'),
(13, 1000, 10, 2, 23, 'Eternity For Women', 'Una fragancia clásica que transmite una elegancia atemporal. Eternity for Women es simple pero sofisticado. Floral, pero picante.\r\n\r\nInspirado en el romance moderno, el perfume Eternity for Women Eau de Toilette tiene notas florales de lirio blanco y bergamota. Pasa a esencias de rosa blanca y violeta, y se completa con notas secas y especiadas de sándalo y ámbar dorado.\r\n\r\nUna fragancia clásica para la mujer contemporánea.', 35.00, 20, '2020-08-01'),
(14, 1000, 10, 1, 25, 'Women Fall', 'Levanta una copa por la ciudad que nunca duerme. Al igual que Times Square en la temporada navideña, DKNY Original Women\'s Fall Limited Edition Eau de Toilette es una fragancia floral afrutada que embotella las vistas y los aromas de las mejores festividades de Nueva York.\r\n\r\nAl igual que Times Square en la temporada navideña, DKNY Original Women\'s Fall Limited Edition Eau de Toilette es una fragancia floral afrutada que embotella las vistas y los aromas de las mejores festividades de Nueva York.', 19.90, 56, '2020-09-04'),
(15, 1000, 10, 4, 27, 'Lady Million', 'Tan brillante como un diamante, una fragancia para seducir. Un rastro de flores blancas frescas, calentado con maderas. Estallido: neroli y naranja amarga chocan con una onda de frambuesa. Intenso: absoluto de flor de naranjo y jazmín sambac. Adictivo: entrelazado, miel y sexy pachulí.\r\n\r\nDiamante brillante y atrevido. Brillar para que todos lo vean. Tamaño, corte, brillo; inspirado en el \"Regente\" del Louvre. El diamante más grande del mundo. Es un cabujón cortado en oro. Arquitectónico con curvas. Por Noah Duchaufour- Lawrance.', 48.00, 34, '2020-04-16'),
(16, 1000, 10, 2, 26, 'Black Opium Storm Illusion', 'Experimente YSL Black Opium, la fragancia de alta costura rock para mujeres de Yves Saint Laurent.\r\nAdictivo, sin igual en provocación, deliberadamente seductor.\r\nFrente a la embajadora global de fragancias y maquillaje de YSL Beauty, Zoë Kravitz.\r\n\r\nYSL Beauty continúa remasterizando su siempre épico perfume y presenta una NUEVA botella de edición limitada para la firma Black Opium Eau de Parfum. Esta temporada presenta un relámpago brillante y de gran tamaño, para ese toque extra de rock and roll de YSL.', 78.00, 10, '2019-07-06'),
(17, 1000, 10, 4, 23, 'Angel Nova', 'Trasciende la realidad de tus sueños. Disfruta de una experiencia olfativa única.\r\nInnovador. Comprometido. Explora Angel Nova: la nueva estrella.\r\n\r\nCombinando la destilación clásica con la innovación biotecnológica, CK ha desarrollado un enfoque más respetuoso con el medio ambiente para sus fragancias: el reciclaje. Este proceso único y exclusivo produce la\r\nrosa sobrenatural de CK , que revela un nuevo olor y revitaliza un ingrediente previamente destilado.', 94.00, 67, '2019-09-07'),
(18, 1000, 10, 1, 23, 'Alien Mirage', 'Alien Mirage es la nueva fragancia de edición limitada de CK. La fragancia Floral Aquatic Amber combina notas de pimienta rosa, flor de loto y ámbar blanco para una edición extraordinaria del Alien original. Esta fragancia cristalina es como un soplo de aire fresco y fresco, presentado en la icónica botella con forma de joya de Alien, \"con un toque gris azulado puro y claro.', 36.99, 67, '2020-11-13'),
(19, 1000, 10, 4, 21, '212 VIP Rose', 'DEFINICIÓN DE GLAMOUR\r\n\r\nUn icono ultrafemenino, este nuevo tono de 212 VIP inyecta diversión y color en la ciudad, dando nueva vida a la escena social con emotiva confianza. 212 VIP ROSÉ contiene la esencia de la fiesta más exclusiva de Nueva York presentada en una sofisticada y juguetonamente femenina botella VIP de color rosado mate.\r\n\r\nCOMPLETAMENTE IRRESISTIBLE\r\n\r\nA una apertura glamorosa de Champagne Rosé le sigue un corazón juguetón y seductor de flor de melocotón. El lujoso Queen Wood y el radiante ámbar completan la base colorida y femenina.', 39.99, 34, '2020-10-21'),
(20, 1000, 10, 2, 21, 'Good Girl', 'Blanco y negro ... oscuro y claro ... buena chica, mala chica. GOOD GIRL es una fragancia sensual y evocadora nacida de las bellas contradicciones y la dualidad siempre presente de la mujer moderna y la vida moderna.\r\n\r\nEsta fragancia innovadora, fresca y oscura, captura la maravillosa complejidad de una mujer con ingredientes sorprendentes y excepcionales. Las dulces y seductoras cualidades del jazmín le dan a GOOD GIRL su brillo y feminidad. El lado más oscuro de GOOD GIRL se crea con cacao ricamente fragante y tonka embriagadora. La almendra y el café le dan a GOOD GIRL su vitalidad inmediata. El nardo, extraído de una nueva forma que crea una rica delicadeza, es el comodín de la fragancia, que aporta fluidez y feminidad. GOOD GIRL ejemplifica la elegancia sin esfuerzo y el ingenio de la Casa de Herrera.', 51.00, 15, '2020-10-04'),
(21, 1000, 11, 1, 27, '1 Million Lucky', 'Busque sensaciones. Sin limites. Crea tu propia suerte sobre la marcha. ¡La vida es un juego! 1 MILLÓN de suerte. Las notas de salida amaderadas pulsan sobre la adictiva avellana. Una fragancia con ritmo. Estimulando los sentidos.', 49.99, 23, '2020-10-27'),
(22, 1000, 11, 1, 21, 'Bad Boy', '', 47.99, 24, '2020-10-18'),
(23, 1000, 11, 1, 29, 'Boss Bottled Night', 'La loción para después del afeitado BOSS BOTTLED para hombres está destinada a convertirse en el arma secreta en el arsenal de seducción del hombre BOSS, infundiéndole la misma presencia convincente que sustenta su éxito durante el día. Una composición única entre elegancia y seducción. Una fragancia intensa y especiada con un carácter decidido, atrevido y masculino. Las maderas son clave en la fragancia: BOSS BOTTLED Night presenta una réplica de la fragancia de una nueva madera rica y exótica, Louro Amarelo.', 49.99, 22, '2020-11-20'),
(24, 1000, 11, 3, 30, 'Man Eau Fraiche', 'Una mezcla sexy de notas modernas y un ambiente clásico. Versace Man es una combinación elegante y elegante de notas mediterráneas ligeras y frescas como el neroli y la pimienta negra mezcladas con notas picantes y sensuales de azafrán, cardamomo y tabaco.', 21.99, 14, '2020-03-12'),
(25, 1000, 11, 2, 31, 'Moschino Forever', 'Creado para un hombre clásico, con una fuerte personalidad que le permite ser original y único. Una fragancia fresca y sensual con un acorde fougère moderno y sorprendente.', 22.99, 53, '2020-12-08'),
(26, 1000, 11, 4, 25, 'Le Male', 'Agregará un toque distinguido a la colección de cualquier hombre. Distinguido por su botella cincelada de inspiración marinera (un homenaje a la musa del diseñador), se destaca tanto a primera vista como al primer rocío, lo que hará que sea fácil de alcanzar por las mañanas antes de un largo día. de trabajo.', 44.99, 12, '2020-08-28'),
(27, 1000, 11, 1, 27, 'Invictus', 'Eufóricamente adictivo, una poderosa inyección de adrenalina para los ganadores en serie. Poder, coraje, victoria destilada en una atrevida explosión de frescura y calor. Cuando estás en esto para ganar.', 44.99, 10, '2020-06-19'),
(28, 1000, 11, 4, 20, 'Polo Red Rush', 'Una fragancia masculina moderna, Red Rush presenta notas de salida frescas y audaces de manzana y mandarina crujientes. Las notas de salida se complementan con notas medias de menta verde que dan energía y vigorizan. Las notas de fondo de madera de cedro y almizcle completan el secado limpio y moderno. Red Rush es una adición versátil a cualquier armario de fragancias.', 26.99, 35, '2020-06-13'),
(29, 1000, 11, 3, 26, 'Pod Pure Blue', 'Se puede llevar en la mano como equipaje de mano a bordo de aviones en cualquier parte del mundo. Perfume Pod tiene un sistema de regulación de presión único que asegura que la botella se ajuste a los cambios de presión de aire durante los vuelos, evitando fugas y permitiéndole estar completamente preparado para el aterrizaje.', 3.99, 13, '2020-02-05'),
(30, 1000, 11, 1, 24, 'Only The Brave High', 'Una variación más fresca de la fragancia original. Only The Brave High apunta a la euforia: esa sensación lúcida y embriagadora de estar en la cima del mundo. Conquista el mundo, elévate. Ve más y más alto. Elévate por encima del horizonte. Respire el olor del éxito.', 29.50, 12, '2020-09-12'),
(31, 1000, 11, 1, 28, 'L\'EAU MAJEURE D\'ISSEY', 'Una nueva fragancia que se inspira en el agua, como símbolo masculino de fuerza y ​​movimiento.', 44.99, 13, '2019-03-02'),
(32, 1000, 11, 1, 23, 'Homme', 'Ideal para un hombre al que le gusta mostrar su individualidad moderna, la atrevida botella fucsia es a la vez atrevida y marcando tendencias, y contiene un jugo complejo en su interior.\r\n\r\nLa loción para después del afeitado se abre con notas de salida frescas y cítricas de azahar y bergamota como un aroma inicial atractivo. Pasando a un corazón picante de canela, calentándose a través de cada nota individual, antes de secarse a una base ámbar persistente. ', 34.99, 14, '2020-10-17'),
(33, 1000, 11, 3, 24, 'Legend Spirit', 'Una nueva fragancia fresca, aromática y amaderada para hombres.', 24.99, 17, '2020-08-15'),
(34, 1000, 11, 2, 29, 'BOSS In Motion', 'BOSS IN MOTION para después del afeitado de BOSS es un fougere oriental compuesto por una mezcla de aceites dulces y especiados con notas frescas de madera. En las notas de salida, notas de naranja brillante y burbujeante rodean el aroma inicial con un estallido de frescura vital. Las notas de corazón incluyen canela, cardomom y nuez moscada que exudan poder energético. En la base, un velo de maderas y notas almizcleras aportan seguridad en sí mismo y sensualidad a esta fragancia masculina ultra contemporánea. La fragancia ideal para hombres.', 32.99, 17, '2020-07-11'),
(35, 1000, 11, 1, 22, 'Guilty Eau', 'Gucci Guilty Eau es una evolución del universo de fragancias Gucci Guilty. Una interpretación suave y ligera de las fragancias clásicas Guilty para mujeres y hombres, rompe con la tradición de los eau de toilettes chispeantes y frescos, transmitiendo una actitud más delicada y romántica.\r\n\r\nGuilty Eau para él crea una embriagadora mezcla aromática contrastante de notas de salida de limón y bergamota con noble lirio amaderado, aportando una infusión intrigante a la firma de flor de naranja de la fragancia original. En la base, una suave mezcla de pachulí y almizcle crea el timbre aromático.', 34.99, 69, '2020-07-19'),
(36, 1000, 11, 2, 23, 'CK IN2U Man', 'Calvin Klein, una de las marcas de estilo de vida líderes en el mundo, es sinónimo de auténtico estilo minimalista moderno. Todo lo que crea (ropa, accesorios, diseño del hogar) se convierte en un clásico atemporal. Las fragancias premiadas de la etiqueta no son una excepción. El portafolio de fragancias icónicas y atrevidas de Calvin Klein continúa redefiniendo el mundo del perfume.', 18.99, 80, '2020-11-14'),
(37, 1000, 11, 1, 23, 'CK One', 'CK One encarna un espíritu universal para un mundo diverso. Es una fragancia icónica que es descaradamente audaz, pero que irradia una simplicidad fresca y juvenil. Celebrando la individualidad y la unidad, esta fragancia evoca la emoción de las oportunidades ilimitadas.\r\n\r\nCombina notas refrescantes de té verde, papaya y bergamota. Perfectamente equilibrado con suaves acentos de nuez moscada, violeta, cardamomo y rosa. Conmovedor y dinámico, CK One es un diálogo entre lo masculino y lo femenino.\r\n\r\nCK One es revolucionario, rechaza los estereotipos de género tradicionales y armoniza el almizcle femenino y masculino en una única fragancia unisex, que atrae a hombres y mujeres por igual.\r\n\r\nEsta fragancia lleva notas frescas de té verde mientras abraza la dulzura del ámbar y el almizcle.', 25.99, 67, '2020-08-15'),
(38, 1000, 11, 2, 23, 'Eternity For Men', 'El hombre romántico se enamorará de Calvin Klein Eternity For Men Eau de Toilette; una fragancia masculina sensible pero masculina, fuerte pero refinada. Eternity for Men es fresco pero amaderado, combinando notas frescas y frescas con ingredientes más cálidos. Un clásico que sigue siendo moderno, Calvin Klein Eternity es para el hombre que se trata de familia, trabajo, salud y felicidad. Está a gusto consigo mismo, sus relaciones y su mundo.', 36.99, 79, '2020-12-05'),
(39, 1000, 11, 1, 28, 'Nuit d\'Issey', 'Un Eau de Toilette correoso, amaderado y fresco. Una fragancia luminosa entre tensión y atracción.', 29.99, 18, '2020-07-12'),
(40, 1000, 11, 1, 30, 'L\'Homme Timeless', 'Una expresión carismática de la elegancia masculina revive la frescura icónica de la fragancia original. Amaderada, especiada y aromática, esta Eau de Toilette para hombres se abre con el inesperado acorde de cardamomo y bergamota, mientras que los toques verdes y afrutados de ruibarbo se mezclan con los toques frescos y picantes del jengibre y la pimienta negra. La vainilla aporta dulzura a las notas de fondo dominadas por la elegante madera de cedro, enriquecida con ámbar seco y almizcles.', 22.99, 20, '2020-08-15'),
(41, 1000, 11, 1, 22, 'Guilty Black', 'Los amantes de Guilty Black sacan a relucir los lados más escandalosos el uno del otro: solos son magníficos, juntos irreprimibles. Sin miedo en su pasión, son descarados, descarados, impredecibles, listos para todos y cada uno de los encuentros explosivos. Su atracción es instintiva: van donde huelen el peligro y entre ellos.\r\n\r\nDemasiado nunca es suficiente para nuestros jóvenes hedonistas, que se impulsan mutuamente a oscurecerse cada vez más. La vida es emocionante y está pensada para vivirla al máximo. Una y otra vez, ceden al placer y la emoción de romper las reglas.\r\n\r\nGucci Guilty Black Pour Homme es un atrevido aromatique fougere que lo invita a satisfacer sus deseos más profundos.', 34.99, 10, '2020-09-12'),
(42, 1000, 11, 1, 29, 'Boss Bottled United', 'BOSS Bottled United afterhsave para hombres es la encapsulación olfativa de un campo de fútbol del centro de la ciudad, que combina la frescura del aire libre con la calidez urbana de las notas amaderadas. Las notas de plantas silvestres de buchú abren un juego vigorizante y son energizadas por la hierbabuena fresca. Notas amaderadas sensuales y cálidas completan la fragancia para dar sensualidad y fuerza.', 59.99, 34, '2020-10-25'),
(43, 1000, 12, 4, 32, 'VAMPIRINA', 'VAMPIRINA. Colonia corporal para niños que cuenta con una fragancia infantil fresca y agradable.', 4.99, 16, '2020-09-12'),
(44, 1000, 12, 2, 32, 'AGATHA RUIZ DE LA PRADA FLOR BUBBLE', 'PERFUME AGATHA RUIZ DE LA PRADA FLOR BUBBLE 30 ML\r\nLas Bubbles de Agatha Ruiz de la Prada son perfectas para llevar tu perfume favorito a todas partes. Su pequeño y hermoso frasco de 30ml en forma de pelotita es ideal para tu cosmetiquero mochila cartera o bolso de gimnasio.\r\n!Ya no tienes excusa! Podrás retocar tu aroma favorito en cualquier momento y en cualquier lugar! Encuentra este producto y muchos aromas más en Ripley.com\r\n\r\nEl Perfume Flor de Agatha Ruiz de la Prada es una de nuestras fragancias más famosas gracias a su aroma especial sensual femenino y radiante que se adapta a tu personalidad. Sin duda un aroma que cautiva y que hará que no pases desapercibida.', 5.99, 55, '2020-08-10'),
(45, 1000, 12, 2, 32, 'AGATHA RUIZ DE LA PRADA GOTAS DE COLOR BUBBLE', 'PERFUME AGATHA RUIZ DE LA PRADA GOTAS DE COLOR BUBBLE 30 ML\r\nLas Bubbles de Agatha Ruiz de la Prada son perfectas para llevar tu perfume favorito a todas partes. Su pequeño y hermoso frasco de 30ml en forma de pelotita es ideal para tu cosmetiquero mochila cartera o bolso de gimnasio.\r\n!Ya no tienes excusa! Podrás retocar tu aroma favorito en cualquier momento y en cualquier lugar! Encuentra este producto y muchos aromas más en Ripley.com\r\n\r\nEl Perfume Femenino Cítrico Gotas de Color de Agatha Ruiz de la Prada es un cóctel de frescor alegría y diversión con un aroma envolvente que llena tu mundo de colores positivos vitalidad y alegría.', 5.99, 25, '2020-10-10'),
(46, 1000, 12, 1, 32, 'Marmol & Son Batman', 'Bergamota, lavanda, pimienta negra, CO 2, notas medias son cardamomo, geranio cálido, pachulí.\r\nLas notas inferiores son vainilla y almizcle.\r\nEsta fragancia para hombres está basada en el popular personaje de TV y película, por supuesto.', 13.98, 25, '2020-10-03'),
(47, 1000, 12, 3, 32, 'SHOPAHOLIC Fashion Collection', 'El regalo perfecto: regalo ideal para cumpleaños, dulces dieciséis, Navidad, relleno de calcetín y vacaciones.\r\nDivertido y fresco aromas: cada botella tiene su propia forma y aroma único que le encantará.\r\nTamaño de viaje: cada botella tiene 0.68 fl oz', 29.99, 55, '2020-08-08'),
(48, 1000, 12, 2, 32, 'Niebla Corporal', 'El regalo perfecto: Regalo ideal para cumpleaños, dulces dieciséis, Navidad, relleno de calcetín y días festivos.\r\nAroma divertido y fresco: Cada botella tiene su propia forma y olor únicos que le encantará.\r\nTamaño viajero: Cada botella tiene .68 fl oz', 19.99, 20, '2020-12-03'),
(49, 1000, 12, 3, 32, 'Disney Princess', 'El spray corporal de princesas de Disney es un gran regalo para esa pequeña princesa en tu vida.\r\nEl spray corporal es de 6.8 oz, 6.8 fl oz, spray.', 9.99, 52, '2020-07-16'),
(50, 1000, 12, 4, 32, 'Mickey Mouse Disney', 'Su fragancia cítrica tiene una mezcla de cítricos, limón y lima.\r\nSe recomienda para uso casual.', 19.99, 25, '2020-06-13');

#CLIENTES
INSERT INTO `cliente` (`id_persona`, `correo`, `telefono`, `genero`, `fecha_nacimiento`) VALUES
(1001, 'ehuayllasco@unsa.edu.pe', 983467823, 'masculino', '1997-06-14'),
(1002, 'ale@gmail.com', 959423578, 'femenino', '1977-05-05'),
(1003, 'walR@gmail.com', 984503353, 'masculino', '1967-09-08'),
(1004, 'keyly@gmail.com', 982345123, 'femenino', '2004-05-10'),
(1005, 'valery@gmail.com', 983478240, 'femenino', '2005-05-14'),
(1006, 'jim@gmail.com', 980245134, 'masculino', '2001-07-18'),
(1007, 'shyndell@gmail.com', 981234131, 'femenino', '2002-10-23'),
(1008, 'luisaHermosa@gmail.com', 900123142, 'femenino', '2001-02-12'),
(1009, 'kathita@gmail.com', 980078230, 'femenino', '2001-06-09');

#EVALUACION
INSERT INTO `cliente_evalua_perfume` (`id_persona_cliente`, `id_perfume`, `puntuacion`, `opinion`) VALUES
(1001, 22, 4, 'Me gusto mucho la fragancia y tambien su apariencia pero le pongo 4 porque el aroma de no duradero.'),
(1002, 11, 2, 'La verdad me decepciono el producto, pero le pongo 2 puntos porque el servicio es increíble, monitoreas el recorrido del producto hasta que este en tus manos.'),
(1002, 44, 4, 'Me encanto solo que su precio es muy elevado.'),
(1003, 38, 5, 'No me quejo, es un buen producto. Esto satisfecho con mi compra.'),
(1004, 46, 1, 'Le compre a mi hermano este perfume, y no tiene nada de aroma, parece agua. No lo recomiendo'),
(1005, 10, 4, 'A mi tío le agrado el producto, me gustaría que haya promociones o descuentos para poder comprar más ya que los precios están algo elevados.'),
(1005, 22, 5, 'Se lo compre a mi papá y esta muy alegre con su regalo. Además de que el servicio de entrega es muy bueno y cumple con las medidas de salubridad.'),
(1006, 21, 1, 'Nunca mas vuelvo a comprar en esta pagina, el pedido se demoro 1 mes en llegar y el cumpleaños de mi mamá ya habia pasado.'),
(1007, 14, 3, 'Me encanta su aroma pero prefiero seguir usando mi perfume de siempre.'),
(1008, 49, 5, 'A mi hermanita le fascino el producto, le gusta mucho las princesas por eso se lo compre y ahora vuele como ellas.'),
(1009, 9, 5, 'Me gusta mucho el perfume a pesar de su precio creo que es un producto que vale la pena comprar. A partir de ahora siempre la usare.');
